drug	delta_mean	delta_sd	delta_q2.5	delta_q97.5
azamulin	0.9878999346	0.0638116531000803	0.8593701075	1.1181122825
ketoconazole	0.0297738169	0.032678595370821	-0.0334944150000006	0.0954638675000002
clotrimazole	0.1690383039	0.0205781116536519	0.129370397499999	0.21109631
troleandomycin	1.25170865955	0.0596940823245807	1.13407491	1.367014525
verapamil	0.842036444475	0.058578168473602	0.728583162500001	0.9533497575
diltiazem	0.3468598622	0.0548126920094755	0.24140807	0.452023225
